{
  "m_InitPos": {
    "x": -3425.464111328125,
    "y": 2111.297119140625,
    "z": -0.48338142037391663
  },
  "m_InitRot": {
    "x": -0.00041024014353752136,
    "y": 0.17572419345378876,
    "z": 152.30101013183594
  }
}